aaaaa,aaaa,2344342,10,Sci-fi
aaaaa,aaaa,2344342,10,Sci-fi
aaaaa,aaaa,2344342,10,Sci-fi
aaaaa,aaaa,2344342,10,Sci-fi
aaaaa,aaaa,2344342,10,Sci-fi
aaaaa,aaaa,2344342,10,Sci-fi
aaaaa,aaaa,2344342,10,Sci-fi
aaaaa,aaaa,2344342,10,Sci-fi
aaaaa1,aaaa,234434212,10,Sci-fi
aaaaa2,aaaa,234434214,10,Sci-fi
aaaaa3,aaaa,234434216,10,Sci-fi
aaaaa4,aaaa,234434218,10,Sci-fi
aaaaa1,aaaa,234434212,10,Sci-fi
aaaaa2,aaaa,234434214,10,Sci-fi
aaaaa3,aaaa,234434216,10,Sci-fi
aaaaa4,aaaa,234434218,10,Sci-fi
aaaaa1,aaaa,234434212,10,Sci-fi
aaaaa2,aaaa,234434214,10,Sci-fi
aaaaa3,aaaa,234434216,10,Sci-fi
aaaaa4,aaaa,234434218,10,Sci-fi